id,topic,visitor_id,user_id,timestamp,event_type,product_id,order_id_for_refund,is_recommended,recommendation_view
356,recommendation-actions,,684,2026-01-01T19:19:49,recommendation_shown,67,,False,
214,user-events,,765,2026-01-02T16:13:03,add_to_cart,66,,False,
325,notification-events,,869,2026-01-03T03:07:06,discount_offer_sent,129,,False,
438,user-events,,797,2026-01-03T16:46:22,add_to_cart,52,,False,
297,user-events,,829,2026-01-03T21:55:54,view,36,,False,
343,user-events,,959,2026-01-04T13:04:39,add_to_cart,22,,False,
490,user-events,,473,2026-01-04T16:48:12,transaction,156,,False,
178,notification-events,visitor_178,,2026-01-04T19:29:23,discount_offer_sent,22,,False,
151,user-events,visitor_151,,2026-01-04T22:55:56,view,,,False,
213,user-events,,333,2026-01-05T06:54:36,view,27,,True,product_detail
110,user-events,,68,2026-01-05T06:56:54,view,191,,False,
209,user-events,visitor_209,,2026-01-06T04:54:25,view,115,,False,
475,user-events,,75,2026-01-06T08:53:59,view,181,,False,
275,user-events,,754,2026-01-07T05:33:05,add_to_cart,140,,False,
500,recommendation-actions,,342,2026-01-07T15:17:55,recommendation_shown,96,,False,
147,user-events,,834,2026-01-08T01:16:02,view,185,,False,
94,recommendation-actions,,852,2026-01-08T04:29:58,recommendation_shown,106,,False,
418,user-events,visitor_418,,2026-01-08T18:03:57,view,187,,False,
61,recommendation-actions,,597,2026-01-09T01:33:20,recommendation_rejected,172,,False,
184,user-events,,830,2026-01-09T03:00:58,view,102,,False,
212,user-events,visitor_212,,2026-01-09T23:51:19,delete_from_cart,48,,False,
112,user-events,,757,2026-01-10T18:44:04,add_to_cart,120,,True,product_detail
364,user-events,,323,2026-01-11T00:45:27,view,22,,False,
134,user-events,,524,2026-01-11T09:02:21,view,63,,False,
485,user-events,,971,2026-01-11T18:48:08,add_to_cart,167,,False,
388,user-events,,180,2026-01-11T20:04:14,view,121,,False,
92,user-events,,528,2026-01-11T20:16:27,view,125,,False,
14,recommendation-actions,,338,2026-01-13T01:16:46,recommendation_clicked,,,True,final_cart
241,recommendation-actions,,152,2026-01-13T01:29:44,recommendation_shown,165,,False,
415,user-events,,905,2026-01-13T01:43:37,view,147,,False,
460,recommendation-actions,,449,2026-01-13T04:53:11,recommendation_shown,50,,False,
218,user-events,,570,2026-01-14T06:18:38,refund_request,32,ORD-3V5XT03X,False,
118,user-events,,447,2026-01-14T14:39:01,add_to_cart,35,,False,
162,recommendation-actions,,291,2026-01-15T18:50:31,recommendation_rejected,80,,False,
466,user-events,,550,2026-01-16T06:46:31,refund_request,195,ORD-HT7FBYR5,False,
160,user-events,,203,2026-01-16T20:17:49,view,19,,True,notification
219,user-events,,759,2026-01-16T20:24:53,view,181,,False,
173,user-events,,44,2026-01-17T04:14:25,view,,,False,
71,user-events,,825,2026-01-17T10:21:22,view,21,,False,
352,user-events,,23,2026-01-18T04:53:35,view,189,,False,
45,recommendation-actions,,136,2026-01-18T13:47:03,recommendation_shown,165,,False,
372,user-events,,383,2026-01-18T16:18:33,view,103,,False,
338,user-events,,329,2026-01-18T20:49:52,add_to_cart,41,,False,
195,notification-events,,492,2026-01-19T12:57:22,reminder_sent,192,,False,
470,user-events,visitor_470,,2026-01-19T20:55:12,quantity,44,,True,final_cart
53,recommendation-actions,,945,2026-01-20T15:39:42,recommendation_shown,24,,True,home
32,notification-events,,936,2026-01-21T04:32:55,discount_offer_sent,90,,False,
277,user-events,,578,2026-01-21T05:10:49,view,93,,False,
77,user-events,,319,2026-01-21T16:21:05,view,147,,False,
492,recommendation-actions,,717,2026-01-21T17:23:52,recommendation_rejected,21,,True,home
95,user-events,,194,2026-01-22T01:28:23,add_to_cart,,,False,
396,recommendation-actions,,728,2026-01-22T05:44:32,recommendation_clicked,61,,False,
270,user-events,,236,2026-01-22T08:14:47,view,85,,True,final_cart
397,user-events,,561,2026-01-22T13:20:37,refund_request,121,ORD-CSAGEQ5X,False,
428,recommendation-actions,visitor_428,,2026-01-23T04:34:38,recommendation_accepted,128,,False,
202,user-events,,741,2026-01-23T10:52:19,delete_from_cart,2,,False,
176,user-events,visitor_176,,2026-01-24T13:28:01,view,,,False,
149,user-events,,551,2026-01-24T17:30:11,view,,,False,
247,user-events,,602,2026-01-24T17:32:44,view,97,,False,
256,user-events,,435,2026-01-24T17:49:38,view,115,,False,
357,recommendation-actions,,109,2026-01-24T18:52:50,recommendation_clicked,129,,False,
129,user-events,,236,2026-01-24T21:35:52,transaction,8,,False,
224,notification-events,,757,2026-01-24T23:12:11,reminder_sent,196,,False,
131,user-events,,84,2026-01-25T07:09:53,view,2,,False,
360,user-events,,12,2026-01-25T19:44:03,view,145,,False,
1,user-events,visitor_1,,2026-01-26T02:17:27,add_to_cart,86,,True,notification
82,recommendation-actions,,740,2026-01-26T02:54:54,recommendation_shown,47,,False,
5,recommendation-actions,,37,2026-01-26T06:48:08,recommendation_shown,30,,False,
122,user-events,,379,2026-01-26T08:06:20,add_to_cart,22,,False,
52,recommendation-actions,,39,2026-01-26T16:22:07,recommendation_shown,63,,False,
310,user-events,,947,2026-01-26T19:24:27,view,160,,False,
431,user-events,,58,2026-01-26T23:15:31,view,145,,False,
196,user-events,,311,2026-01-27T01:26:19,view,151,,False,
298,user-events,,859,2026-01-28T07:10:53,view,69,,False,
33,recommendation-actions,,771,2026-01-28T09:50:04,recommendation_shown,102,,False,
91,user-events,,324,2026-01-28T19:04:52,view,163,,False,
410,user-events,,195,2026-01-29T11:23:40,view,59,,True,notification
339,user-events,,758,2026-01-30T01:13:01,add_to_cart,44,,False,
385,user-events,visitor_385,,2026-01-30T03:03:06,view,149,,False,
89,recommendation-actions,,123,2026-01-30T09:36:07,recommendation_clicked,8,,False,
43,user-events,visitor_43,,2026-01-30T12:51:25,view,140,,False,
42,user-events,visitor_42,,2026-01-30T15:49:52,view,87,,False,
371,recommendation-actions,,699,2026-01-31T09:10:19,recommendation_shown,61,,True,product_detail
458,recommendation-actions,,180,2026-01-31T10:47:54,recommendation_rejected,101,,False,
319,user-events,,720,2026-01-31T20:28:42,transaction,,,False,
472,user-events,visitor_472,,2026-02-01T11:39:59,view,190,,False,
377,user-events,,557,2026-02-01T23:41:46,view,89,,False,
255,user-events,,157,2026-02-02T04:31:51,add_to_cart,48,,False,
257,recommendation-actions,,325,2026-02-03T03:53:38,recommendation_shown,165,,True,notification
31,user-events,,765,2026-02-04T07:38:44,transaction,169,,False,
250,user-events,visitor_250,,2026-02-04T08:07:00,view,14,,False,
301,user-events,,214,2026-02-04T18:08:59,add_to_cart,139,,True,notification
421,user-events,,589,2026-02-04T18:23:53,view,107,,False,
411,user-events,,315,2026-02-04T20:41:59,delete_from_cart,148,,True,final_cart
300,user-events,,161,2026-02-04T20:42:08,add_to_cart,3,,False,
12,recommendation-actions,,200,2026-02-05T12:55:16,recommendation_shown,,,False,
154,recommendation-actions,,614,2026-02-05T23:31:22,recommendation_rejected,20,,False,
330,user-events,,547,2026-02-06T10:47:40,add_to_cart,25,,False,
427,recommendation-actions,,911,2026-02-06T15:28:08,recommendation_shown,10,,True,product_detail
90,user-events,,820,2026-02-07T01:47:42,view,,,False,
245,recommendation-actions,,817,2026-02-07T03:21:11,recommendation_shown,126,,False,
489,user-events,,255,2026-02-07T06:30:00,add_to_cart,87,,False,
488,user-events,visitor_488,,2026-02-07T12:15:48,view,102,,False,
123,user-events,,625,2026-02-07T22:37:57,add_to_cart,18,,False,
188,user-events,,457,2026-02-08T03:57:36,view,162,,False,
354,user-events,,511,2026-02-08T04:45:36,view,161,,False,
220,user-events,,937,2026-02-08T08:21:46,view,,,False,
285,user-events,,584,2026-02-08T13:42:52,view,10,,False,
16,user-events,,562,2026-02-08T16:12:55,add_to_cart,197,,False,
452,notification-events,,854,2026-02-09T09:45:07,reminder_sent,127,,False,
266,user-events,,628,2026-02-10T05:47:21,add_to_cart,60,,False,
200,user-events,,563,2026-02-10T12:30:14,add_to_cart,18,,False,
252,user-events,visitor_252,,2026-02-11T03:54:54,view,72,,False,
395,user-events,,823,2026-02-12T03:49:48,add_to_cart,64,,False,
168,user-events,,747,2026-02-12T19:30:13,view,13,,False,
362,user-events,,461,2026-02-14T05:39:51,transaction,119,,False,
242,user-events,,962,2026-02-15T09:01:15,view,149,,False,
494,user-events,,829,2026-02-15T22:43:26,add_to_cart,123,,False,
374,user-events,,642,2026-02-16T03:33:56,view,44,,False,
331,user-events,visitor_331,,2026-02-16T18:25:57,view,138,,False,
41,recommendation-actions,,684,2026-02-17T04:17:17,recommendation_shown,93,,False,
253,recommendation-actions,,5,2026-02-17T19:23:11,recommendation_accepted,69,,True,home
483,user-events,,663,2026-02-18T01:38:47,view,71,,False,
386,user-events,visitor_386,,2026-02-18T12:39:49,view,70,,False,
278,user-events,,743,2026-02-18T15:58:17,view,8,,True,product_detail
425,user-events,,89,2026-02-19T01:27:35,view,116,,False,
193,user-events,,103,2026-02-19T12:06:18,view,13,,True,home
326,user-events,,216,2026-02-19T15:22:37,delete_from_cart,15,,False,
116,user-events,,388,2026-02-20T05:42:32,view,31,,False,
332,user-events,,626,2026-02-20T08:46:49,view,164,,False,
87,recommendation-actions,,966,2026-02-20T17:51:03,recommendation_clicked,61,,False,
299,user-events,visitor_299,,2026-02-20T18:45:37,view,34,,False,
47,user-events,visitor_47,,2026-02-21T19:41:05,add_to_cart,82,,False,
409,recommendation-actions,visitor_409,,2026-02-22T09:43:18,recommendation_clicked,29,,False,
105,user-events,,910,2026-02-22T12:59:28,quantity,152,,False,
107,notification-events,visitor_107,,2026-02-24T00:24:09,discount_offer_sent,120,,False,
406,user-events,,918,2026-02-24T03:57:34,view,13,,False,
201,user-events,,102,2026-02-24T16:46:54,delete_from_cart,31,,False,
136,recommendation-actions,visitor_136,,2026-02-25T15:30:34,recommendation_clicked,9,,False,
493,notification-events,,422,2026-02-25T21:12:12,discount_offer_sent,79,,False,
367,user-events,,914,2026-02-26T03:13:21,quantity,,,True,notification
76,user-events,,598,2026-02-26T07:30:01,view,167,,False,
72,recommendation-actions,visitor_72,,2026-02-26T21:54:15,recommendation_clicked,53,,False,
424,user-events,,250,2026-02-28T03:18:46,view,21,,False,
451,user-events,,652,2026-02-28T17:41:37,view,31,,False,
108,user-events,,963,2026-03-01T05:30:22,add_to_cart,52,,False,
401,recommendation-actions,,671,2026-03-01T07:01:14,recommendation_shown,154,,False,
405,user-events,,210,2026-03-01T12:58:04,view,92,,False,
156,recommendation-actions,,317,2026-03-01T18:44:27,recommendation_clicked,47,,False,
437,user-events,,427,2026-03-02T00:45:55,view,23,,False,
204,user-events,,459,2026-03-02T14:03:32,view,,,False,
447,user-events,,906,2026-03-02T14:46:49,view,152,,False,
347,recommendation-actions,,612,2026-03-02T19:41:21,recommendation_clicked,69,,True,home
103,notification-events,visitor_103,,2026-03-03T06:06:53,discount_offer_sent,18,,False,
309,user-events,visitor_309,,2026-03-03T12:31:43,view,191,,False,
443,user-events,,297,2026-03-05T05:01:08,view,169,,False,
21,user-events,,772,2026-03-05T13:43:55,add_to_cart,20,,False,
267,user-events,,908,2026-03-05T23:52:50,view,14,,False,
191,user-events,,760,2026-03-06T05:06:52,view,185,,False,
248,user-events,visitor_248,,2026-03-06T10:54:20,view,88,,False,
174,user-events,visitor_174,,2026-03-06T12:15:27,transaction,,,False,
375,user-events,,790,2026-03-06T13:17:46,quantity,140,,False,
407,user-events,visitor_407,,2026-03-06T15:22:34,view,80,,False,
164,user-events,visitor_164,,2026-03-06T16:27:25,view,148,,True,notification
391,user-events,,488,2026-03-06T23:12:01,delete_from_cart,38,,False,
376,user-events,visitor_376,,2026-03-07T11:22:52,view,123,,False,
137,recommendation-actions,,406,2026-03-07T19:56:14,recommendation_shown,4,,False,
392,recommendation-actions,,343,2026-03-07T20:16:25,recommendation_shown,145,,False,
222,user-events,,274,2026-03-07T23:56:13,add_to_cart,29,,False,
70,user-events,,330,2026-03-08T02:53:15,view,47,,True,final_cart
344,user-events,,394,2026-03-08T16:05:49,transaction,139,,True,home
353,recommendation-actions,visitor_353,,2026-03-08T23:12:24,recommendation_clicked,154,,False,
11,user-events,,473,2026-03-08T23:15:47,view,24,,False,
461,recommendation-actions,,794,2026-03-09T00:03:49,recommendation_clicked,132,,False,
335,recommendation-actions,,560,2026-03-09T09:33:10,recommendation_clicked,,,False,
280,user-events,,353,2026-03-09T16:20:13,delete_from_cart,109,,False,
322,user-events,,963,2026-03-09T16:25:37,view,39,,False,
30,recommendation-actions,,226,2026-03-10T01:34:51,recommendation_shown,84,,False,
468,user-events,,568,2026-03-10T01:58:54,add_to_cart,70,,False,
271,user-events,,666,2026-03-10T02:06:32,add_to_cart,,,False,
199,user-events,,586,2026-03-10T22:41:55,quantity,194,,False,
420,user-events,,113,2026-03-11T04:55:55,view,21,,False,
350,notification-events,,9,2026-03-11T14:37:20,discount_offer_sent,,,False,
128,user-events,,288,2026-03-12T04:12:16,add_to_cart,125,,False,
316,recommendation-actions,,384,2026-03-12T12:06:56,recommendation_shown,120,,False,
39,recommendation-actions,visitor_39,,2026-03-12T19:37:44,recommendation_shown,26,,False,
457,user-events,visitor_457,,2026-03-13T21:12:42,view,63,,False,
157,user-events,,272,2026-03-14T06:29:13,view,33,,True,notification
106,user-events,visitor_106,,2026-03-14T08:46:23,add_to_cart,138,,True,product_detail
498,user-events,,26,2026-03-14T10:05:16,view,42,,False,
368,notification-events,visitor_368,,2026-03-14T18:09:37,offer_declined,154,,False,
132,user-events,,875,2026-03-15T06:20:41,refund_request,106,ORD-EOZWB8L8,False,
440,user-events,,908,2026-03-15T14:26:32,view,95,,False,
79,user-events,visitor_79,,2026-03-15T17:58:38,view,120,,False,
113,user-events,,625,2026-03-15T18:28:25,add_to_cart,108,,False,
273,user-events,visitor_273,,2026-03-16T01:02:54,transaction,99,,False,
37,notification-events,,820,2026-03-16T01:20:50,offer_accepted,137,ORD-7TVTECYE,False,
60,user-events,,617,2026-03-16T09:04:22,view,,,True,notification
469,user-events,visitor_469,,2026-03-16T11:30:35,delete_from_cart,138,,False,
205,user-events,,469,2026-03-16T13:37:58,delete_from_cart,101,,True,home
235,user-events,,988,2026-03-16T17:00:57,transaction,8,,True,product_detail
361,recommendation-actions,,529,2026-03-17T03:18:32,recommendation_shown,22,,True,final_cart
125,user-events,,923,2026-03-17T08:00:48,view,91,,False,
75,recommendation-actions,visitor_75,,2026-03-18T02:16:58,recommendation_shown,6,,False,
221,user-events,visitor_221,,2026-03-18T11:43:47,delete_from_cart,12,,False,
167,user-events,,559,2026-03-18T14:45:14,add_to_cart,140,,False,
314,user-events,,559,2026-03-18T19:53:00,view,24,,False,
27,user-events,,962,2026-03-18T22:58:29,view,124,,False,
260,user-events,,456,2026-03-19T06:53:14,view,63,,True,product_detail
365,user-events,,142,2026-03-20T02:05:09,view,73,,False,
18,user-events,,138,2026-03-20T22:41:41,view,173,,False,
152,user-events,,531,2026-03-21T05:05:37,delete_from_cart,183,,False,
24,user-events,,294,2026-03-21T05:48:20,view,32,,False,
56,user-events,visitor_56,,2026-03-21T17:47:40,add_to_cart,185,,True,final_cart
274,user-events,visitor_274,,2026-03-22T04:21:38,view,145,,True,product_detail
303,user-events,,360,2026-03-22T09:28:30,view,52,,False,
109,user-events,,276,2026-03-24T06:00:01,view,36,,False,
467,user-events,,537,2026-03-24T06:09:14,view,150,,False,
348,user-events,,559,2026-03-24T15:50:05,add_to_cart,131,,False,
355,user-events,,894,2026-03-24T18:40:10,view,47,,True,final_cart
363,recommendation-actions,,73,2026-03-24T18:54:45,recommendation_shown,75,,False,
268,user-events,visitor_268,,2026-03-25T07:18:03,view,,,False,
334,user-events,,944,2026-03-25T10:50:50,view,22,,False,
417,recommendation-actions,visitor_417,,2026-03-26T19:43:45,recommendation_shown,37,,False,
399,user-events,,885,2026-03-27T03:40:33,add_to_cart,89,,False,
413,recommendation-actions,,598,2026-03-28T00:15:29,recommendation_shown,55,,True,product_detail
369,user-events,,790,2026-03-28T01:13:29,view,84,,False,
382,user-events,,368,2026-03-28T09:31:38,view,121,,True,product_detail
119,user-events,,576,2026-03-28T12:13:22,view,49,,False,
29,recommendation-actions,,320,2026-03-28T13:19:51,recommendation_shown,75,,False,
3,user-events,,860,2026-03-28T18:43:29,view,16,,False,
172,recommendation-actions,visitor_172,,2026-03-29T08:29:15,recommendation_clicked,31,,True,final_cart
215,user-events,,510,2026-03-29T15:13:26,delete_from_cart,136,,False,
476,recommendation-actions,,238,2026-03-29T16:56:19,recommendation_shown,110,,False,
471,user-events,,304,2026-03-30T03:47:47,view,98,,False,
46,user-events,,550,2026-03-30T05:12:58,view,9,,False,
187,user-events,,212,2026-03-30T09:21:38,add_to_cart,103,,True,home
345,user-events,,978,2026-03-30T15:56:16,transaction,83,,False,
426,notification-events,,208,2026-03-30T23:18:13,discount_offer_sent,109,,True,final_cart
158,user-events,,719,2026-03-31T00:29:32,quantity,149,,False,
85,recommendation-actions,visitor_85,,2026-03-31T11:29:52,recommendation_clicked,157,,False,
435,recommendation-actions,visitor_435,,2026-04-01T13:13:50,recommendation_shown,95,,False,
93,user-events,,509,2026-04-01T16:35:10,view,15,,False,
210,user-events,,262,2026-04-01T23:28:24,view,25,,False,
261,user-events,,303,2026-04-02T02:44:53,view,80,,False,
223,user-events,,590,2026-04-02T11:45:12,add_to_cart,114,,False,
22,user-events,,528,2026-04-02T18:43:27,view,66,,False,
17,user-events,,93,2026-04-02T20:07:25,view,188,,False,
49,user-events,visitor_49,,2026-04-04T16:00:10,view,49,,False,
434,user-events,,369,2026-04-04T19:45:31,view,100,,False,
111,user-events,,205,2026-04-05T07:23:55,view,109,,False,
446,user-events,,793,2026-04-05T10:19:14,view,101,,False,
380,user-events,,872,2026-04-05T21:09:11,delete_from_cart,86,,False,
121,user-events,,942,2026-04-06T14:56:22,view,52,,False,
44,user-events,,30,2026-04-06T15:47:42,view,11,,False,
35,user-events,,839,2026-04-06T20:26:00,transaction,183,,False,
10,user-events,,130,2026-04-06T23:22:55,transaction,18,,False,
211,user-events,visitor_211,,2026-04-07T07:34:21,add_to_cart,81,,False,
284,recommendation-actions,visitor_284,,2026-04-07T17:35:43,recommendation_shown,154,,False,
283,user-events,,966,2026-04-08T00:56:23,quantity,5,,False,
393,user-events,,383,2026-04-08T07:54:59,view,163,,False,
58,recommendation-actions,,735,2026-04-08T13:10:04,recommendation_clicked,100,,False,
203,user-events,,271,2026-04-08T18:51:06,view,13,,False,
351,user-events,visitor_351,,2026-04-09T02:39:08,view,195,,False,
311,recommendation-actions,,761,2026-04-09T12:00:58,recommendation_clicked,196,,False,
102,user-events,,754,2026-04-09T13:16:23,add_to_cart,189,,False,
324,user-events,,90,2026-04-09T19:48:00,view,198,,True,notification
290,user-events,,202,2026-04-09T20:15:54,add_to_cart,128,,False,
258,user-events,,518,2026-04-10T04:12:28,quantity,114,,False,
381,recommendation-actions,,571,2026-04-10T10:50:37,recommendation_shown,77,,False,
264,recommendation-actions,,290,2026-04-10T14:37:50,recommendation_clicked,121,,False,
7,recommendation-actions,visitor_7,,2026-04-10T21:06:53,recommendation_clicked,139,,False,
120,user-events,visitor_120,,2026-04-11T15:58:50,add_to_cart,21,,False,
25,user-events,visitor_25,,2026-04-12T12:07:53,view,128,,False,
155,user-events,,199,2026-04-12T13:09:55,view,6,,False,
341,user-events,,584,2026-04-12T13:33:41,quantity,93,,False,
73,user-events,visitor_73,,2026-04-12T21:53:59,add_to_cart,148,,False,
346,notification-events,,448,2026-04-13T19:54:10,discount_offer_sent,68,,False,
65,user-events,visitor_65,,2026-04-14T09:35:47,delete_from_cart,58,,False,
145,user-events,,193,2026-04-14T13:19:13,view,35,,False,
318,recommendation-actions,visitor_318,,2026-04-14T14:36:21,recommendation_shown,18,,False,
150,user-events,visitor_150,,2026-04-14T20:13:48,add_to_cart,53,,False,
68,recommendation-actions,,845,2026-04-15T08:20:03,recommendation_clicked,38,,False,
281,user-events,visitor_281,,2026-04-15T09:27:17,view,79,,False,
337,user-events,,486,2026-04-15T16:47:34,delete_from_cart,41,,False,
229,user-events,visitor_229,,2026-04-15T17:56:16,view,79,,False,
296,user-events,,659,2026-04-15T22:26:18,view,58,,False,
244,recommendation-actions,visitor_244,,2026-04-16T08:40:46,recommendation_shown,158,,True,home
6,user-events,,940,2026-04-16T20:17:47,add_to_cart,7,,False,
419,user-events,,147,2026-04-16T20:25:56,quantity,44,,False,
86,user-events,,481,2026-04-17T04:27:18,delete_from_cart,133,,False,
142,notification-events,,155,2026-04-17T11:25:14,offer_declined,65,,False,
126,user-events,,10,2026-04-17T15:23:24,view,39,,True,final_cart
96,user-events,,691,2026-04-18T04:24:11,view,124,,False,
230,user-events,visitor_230,,2026-04-18T23:00:08,add_to_cart,91,,False,
486,user-events,,87,2026-04-19T17:06:57,add_to_cart,45,,False,
100,recommendation-actions,,31,2026-04-19T20:10:47,recommendation_shown,32,,False,
38,user-events,,16,2026-04-19T20:23:34,view,137,,False,
227,user-events,,291,2026-04-20T06:17:11,add_to_cart,52,,False,
194,user-events,,589,2026-04-20T14:04:50,delete_from_cart,39,,False,
480,user-events,,949,2026-04-20T14:59:36,view,25,,False,
249,user-events,,873,2026-04-21T18:07:57,view,25,,False,
448,user-events,visitor_448,,2026-04-22T07:45:36,add_to_cart,147,,False,
342,recommendation-actions,,329,2026-04-22T17:16:05,recommendation_shown,32,,False,
144,user-events,,961,2026-04-22T19:57:14,add_to_cart,183,,False,
153,recommendation-actions,visitor_153,,2026-04-22T20:02:55,recommendation_shown,161,,False,
293,user-events,,566,2026-04-22T22:50:33,view,100,,False,
80,user-events,,272,2026-04-23T01:43:14,view,54,,False,
74,recommendation-actions,,821,2026-04-23T10:02:20,recommendation_shown,8,,False,
20,recommendation-actions,,592,2026-04-24T22:21:01,recommendation_shown,46,,False,
251,user-events,visitor_251,,2026-04-24T23:10:16,quantity,84,,False,
313,user-events,visitor_313,,2026-04-25T01:54:37,refund_request,69,ORD-LL3UK3G4,False,
124,user-events,,556,2026-04-25T10:11:31,view,150,,True,final_cart
67,user-events,,26,2026-04-25T14:47:39,view,154,,False,
349,user-events,,487,2026-04-26T05:51:00,view,,,False,
101,recommendation-actions,,747,2026-04-27T01:30:10,recommendation_shown,77,,False,
340,user-events,,755,2026-04-27T08:01:42,view,125,,True,home
104,user-events,,257,2026-04-27T16:54:31,view,106,,False,
383,user-events,,684,2026-04-28T06:57:19,view,72,,False,
9,user-events,,66,2026-04-28T15:37:00,view,150,,False,
189,recommendation-actions,,630,2026-04-29T02:28:05,recommendation_clicked,183,,False,
57,user-events,visitor_57,,2026-04-29T12:54:29,view,179,,True,final_cart
430,user-events,visitor_430,,2026-04-29T17:30:22,quantity,116,,False,
254,recommendation-actions,,427,2026-04-30T09:38:24,recommendation_shown,12,,False,
48,user-events,,204,2026-04-30T15:39:19,view,142,,False,
358,user-events,,726,2026-04-30T16:27:06,delete_from_cart,31,,False,
40,user-events,,435,2026-05-01T04:08:36,view,39,,False,
148,user-events,visitor_148,,2026-05-01T20:26:11,view,,,False,
315,user-events,,213,2026-05-02T17:07:54,quantity,62,,False,
272,notification-events,,61,2026-05-02T21:01:21,offer_accepted,,ORD-A47SQNWA,False,
379,user-events,,889,2026-05-04T08:08:31,add_to_cart,194,,False,
433,user-events,,449,2026-05-04T09:33:34,view,120,,False,
226,recommendation-actions,,364,2026-05-04T18:56:26,recommendation_accepted,193,,False,
497,notification-events,,513,2026-05-05T01:32:39,reminder_sent,141,,False,
36,recommendation-actions,,35,2026-05-05T02:00:05,recommendation_clicked,7,,False,
190,recommendation-actions,,50,2026-05-05T10:15:15,recommendation_shown,100,,False,
181,recommendation-actions,,769,2026-05-05T13:14:32,recommendation_accepted,181,,False,
378,user-events,,835,2026-05-05T13:44:58,view,2,,False,
491,user-events,,281,2026-05-06T01:55:53,view,178,,False,
88,user-events,,94,2026-05-06T09:43:54,view,35,,False,
19,notification-events,,350,2026-05-06T14:05:11,discount_offer_sent,33,,False,
449,recommendation-actions,,588,2026-05-06T14:06:04,recommendation_clicked,77,,False,
231,recommendation-actions,visitor_231,,2026-05-07T08:14:10,recommendation_shown,178,,False,
394,recommendation-actions,visitor_394,,2026-05-07T20:49:50,recommendation_shown,66,,False,
287,recommendation-actions,,681,2026-05-08T00:03:54,recommendation_shown,10,,False,
81,user-events,visitor_81,,2026-05-08T14:02:35,view,17,,True,final_cart
240,user-events,,621,2026-05-08T23:11:02,view,,,True,final_cart
320,user-events,,23,2026-05-09T08:06:19,view,85,,True,product_detail
398,user-events,visitor_398,,2026-05-10T05:03:53,delete_from_cart,111,,False,
269,user-events,,219,2026-05-10T05:46:52,view,141,,False,
64,user-events,,19,2026-05-10T16:12:48,view,125,,False,
442,notification-events,,71,2026-05-10T18:49:00,offer_declined,50,,False,
465,user-events,,148,2026-05-10T20:21:15,view,139,,False,
292,notification-events,,42,2026-05-10T20:53:05,offer_accepted,16,ORD-18KDYFE0,False,
197,user-events,,419,2026-05-11T00:32:25,view,74,,False,
462,recommendation-actions,,939,2026-05-11T07:06:05,recommendation_shown,159,,False,
312,notification-events,,528,2026-05-11T19:41:31,offer_accepted,79,ORD-OCGQW4O9,False,
402,user-events,visitor_402,,2026-05-11T21:29:07,view,87,,True,home
239,recommendation-actions,,326,2026-05-11T23:59:52,recommendation_shown,64,,False,
246,recommendation-actions,,995,2026-05-12T17:37:58,recommendation_clicked,101,,True,product_detail
276,user-events,,457,2026-05-12T20:12:38,view,50,,False,
225,recommendation-actions,,297,2026-05-12T21:18:27,recommendation_shown,25,,False,
175,user-events,,672,2026-05-13T00:39:01,view,35,,False,
8,user-events,,742,2026-05-13T13:28:32,add_to_cart,12,,False,
185,user-events,,664,2026-05-13T17:27:19,quantity,55,,False,
166,user-events,,4,2026-05-14T06:14:41,view,97,,False,
114,recommendation-actions,,471,2026-05-14T14:33:12,recommendation_clicked,114,,False,
130,user-events,,790,2026-05-14T20:50:43,view,22,,False,
84,user-events,,143,2026-05-14T22:36:23,view,84,,False,
454,recommendation-actions,,117,2026-05-14T23:31:40,recommendation_shown,128,,False,
441,recommendation-actions,,492,2026-05-15T00:34:20,recommendation_shown,186,,False,
263,notification-events,,242,2026-05-15T22:26:03,discount_offer_sent,,,False,
141,user-events,visitor_141,,2026-05-16T10:22:41,add_to_cart,137,,False,
282,recommendation-actions,,92,2026-05-17T00:37:22,recommendation_shown,11,,True,final_cart
265,notification-events,,440,2026-05-17T04:29:39,offer_declined,52,,False,
117,recommendation-actions,,152,2026-05-17T10:07:11,recommendation_shown,154,,False,
327,notification-events,,36,2026-05-17T16:34:09,offer_declined,162,,False,
289,recommendation-actions,,550,2026-05-18T14:40:16,recommendation_shown,80,,True,final_cart
414,user-events,,659,2026-05-19T08:40:28,add_to_cart,92,,False,
308,user-events,,503,2026-05-19T10:23:38,view,141,,False,
474,user-events,,429,2026-05-19T10:31:24,transaction,46,,False,
317,user-events,,883,2026-05-19T21:30:13,add_to_cart,134,,False,
366,recommendation-actions,visitor_366,,2026-05-19T21:39:11,recommendation_clicked,,,False,
208,user-events,visitor_208,,2026-05-20T04:27:14,view,134,,False,
28,recommendation-actions,,486,2026-05-20T06:37:41,recommendation_clicked,170,,False,
429,user-events,,741,2026-05-20T06:51:51,view,156,,False,
422,user-events,,496,2026-05-20T07:39:29,view,14,,False,
333,user-events,visitor_333,,2026-05-20T13:56:14,view,81,,True,home
198,recommendation-actions,,541,2026-05-20T15:12:49,recommendation_accepted,43,,False,
444,notification-events,,360,2026-05-21T12:15:02,discount_offer_sent,184,,False,
323,user-events,,173,2026-05-22T00:55:49,view,158,,False,
236,user-events,visitor_236,,2026-05-22T06:44:29,view,2,,False,
26,recommendation-actions,,690,2026-05-22T23:28:54,recommendation_shown,40,,False,
15,recommendation-actions,,923,2026-05-23T04:21:42,recommendation_shown,50,,False,
321,user-events,,129,2026-05-23T05:18:55,view,139,,False,
51,notification-events,,782,2026-05-23T07:04:33,offer_accepted,120,ORD-J6XJOVG8,False,
54,user-events,,8,2026-05-23T16:50:08,view,148,,False,
143,user-events,visitor_143,,2026-05-23T17:04:10,view,175,,False,
62,recommendation-actions,,974,2026-05-24T04:58:47,recommendation_shown,157,,True,home
389,recommendation-actions,,968,2026-05-25T07:08:29,recommendation_shown,81,,False,
135,user-events,,642,2026-05-26T00:49:38,add_to_cart,143,,False,
98,user-events,,75,2026-05-26T01:05:18,add_to_cart,179,,False,
288,user-events,,204,2026-05-26T16:39:53,view,89,,False,
432,user-events,,320,2026-05-26T20:57:20,delete_from_cart,110,,False,
66,user-events,,468,2026-05-26T23:23:15,view,130,,False,
169,user-events,visitor_169,,2026-05-27T04:35:36,view,93,,True,home
207,recommendation-actions,,588,2026-05-27T20:21:29,recommendation_accepted,144,,False,
463,user-events,,612,2026-05-27T21:49:12,view,97,,False,
305,user-events,,567,2026-05-27T22:39:05,add_to_cart,54,,False,
304,recommendation-actions,,993,2026-05-28T06:20:05,recommendation_shown,112,,False,
336,user-events,visitor_336,,2026-05-28T23:31:42,view,14,,False,
412,user-events,,309,2026-05-30T13:57:58,add_to_cart,162,,False,
403,user-events,visitor_403,,2026-05-30T15:49:53,view,173,,True,product_detail
163,recommendation-actions,,833,2026-05-31T08:11:09,recommendation_clicked,115,,False,
436,user-events,,71,2026-06-01T10:19:21,view,74,,False,
180,user-events,,110,2026-06-01T11:13:21,view,26,,True,notification
453,user-events,visitor_453,,2026-06-01T14:13:13,quantity,147,,False,
473,recommendation-actions,,157,2026-06-01T18:47:39,recommendation_shown,68,,False,
370,user-events,,953,2026-06-01T19:44:22,view,22,,False,
456,user-events,visitor_456,,2026-06-02T05:21:39,add_to_cart,87,,False,
482,user-events,,630,2026-06-02T21:32:36,add_to_cart,148,,False,
170,user-events,,312,2026-06-03T16:59:31,view,20,,False,
408,recommendation-actions,,988,2026-06-04T02:06:23,recommendation_clicked,2,,False,
127,user-events,,712,2026-06-04T02:12:00,view,,,False,
423,user-events,,406,2026-06-04T02:45:46,quantity,124,,False,
478,user-events,,809,2026-06-04T07:40:27,view,118,,False,
161,recommendation-actions,visitor_161,,2026-06-04T11:06:10,recommendation_clicked,110,,True,notification
459,user-events,,970,2026-06-04T22:43:35,view,37,,False,
450,user-events,,513,2026-06-05T07:10:27,add_to_cart,21,,False,
286,recommendation-actions,,119,2026-06-05T08:44:12,recommendation_shown,144,,False,
307,user-events,,588,2026-06-05T20:16:19,add_to_cart,125,,False,
233,user-events,,605,2026-06-07T10:33:11,quantity,116,,False,
295,user-events,visitor_295,,2026-06-07T19:34:28,view,177,,False,
439,user-events,,631,2026-06-07T21:33:54,view,193,,False,
262,recommendation-actions,visitor_262,,2026-06-07T21:57:01,recommendation_clicked,106,,False,
243,recommendation-actions,,637,2026-06-08T07:53:39,recommendation_shown,44,,True,home
138,user-events,visitor_138,,2026-06-08T07:55:09,view,173,,False,
234,user-events,visitor_234,,2026-06-09T08:24:20,view,164,,False,
4,user-events,,703,2026-06-09T12:27:45,view,127,,False,
279,recommendation-actions,,395,2026-06-10T04:33:00,recommendation_shown,156,,True,home
206,user-events,visitor_206,,2026-06-10T11:12:07,view,14,,True,home
140,recommendation-actions,,862,2026-06-11T04:27:15,recommendation_clicked,,,False,
329,user-events,visitor_329,,2026-06-11T05:37:24,delete_from_cart,48,,False,
217,user-events,visitor_217,,2026-06-11T10:12:22,view,105,,False,
228,user-events,visitor_228,,2026-06-11T15:43:07,view,12,,False,
63,recommendation-actions,,986,2026-06-11T19:29:12,recommendation_shown,64,,False,
216,user-events,,911,2026-06-11T20:08:08,view,185,,False,
259,user-events,,680,2026-06-12T02:07:03,add_to_cart,,,False,
146,user-events,,273,2026-06-12T10:14:26,add_to_cart,16,,False,
99,user-events,,710,2026-06-13T10:20:03,add_to_cart,27,,False,
179,user-events,,117,2026-06-13T12:19:53,view,145,,False,
302,recommendation-actions,,107,2026-06-13T15:05:12,recommendation_shown,152,,False,
479,recommendation-actions,visitor_479,,2026-06-13T19:29:17,recommendation_shown,117,,False,
477,recommendation-actions,,953,2026-06-15T17:12:43,recommendation_clicked,65,,False,
115,user-events,visitor_115,,2026-06-15T20:23:20,add_to_cart,63,,False,
171,user-events,,854,2026-06-16T21:45:18,add_to_cart,52,,True,home
400,user-events,,725,2026-06-17T04:20:26,delete_from_cart,167,,False,
455,user-events,,143,2026-06-17T06:07:31,view,87,,True,product_detail
186,user-events,,789,2026-06-17T12:57:42,view,77,,False,
83,user-events,visitor_83,,2026-06-17T13:25:49,delete_from_cart,154,,True,product_detail
232,user-events,,189,2026-06-18T00:03:35,view,189,,False,
177,recommendation-actions,,896,2026-06-18T03:07:02,recommendation_shown,155,,True,notification
165,recommendation-actions,,409,2026-06-18T06:16:22,recommendation_clicked,18,,False,
34,user-events,,939,2026-06-18T22:57:08,view,59,,False,
294,user-events,visitor_294,,2026-06-19T00:31:24,view,184,,False,
183,user-events,,271,2026-06-19T03:40:36,view,171,,False,
445,user-events,,805,2026-06-19T09:43:13,view,84,,False,
133,user-events,visitor_133,,2026-06-19T15:19:48,add_to_cart,107,,False,
384,user-events,,634,2026-06-21T10:12:00,add_to_cart,185,,False,
306,recommendation-actions,,245,2026-06-21T15:20:36,recommendation_clicked,197,,False,
496,user-events,,247,2026-06-21T21:14:47,view,86,,False,
159,user-events,,273,2026-06-21T22:02:22,view,134,,False,
50,user-events,,361,2026-06-21T23:08:45,delete_from_cart,177,,False,
404,recommendation-actions,visitor_404,,2026-06-22T07:32:44,recommendation_shown,137,,False,
495,user-events,,784,2026-06-22T09:18:52,transaction,143,,False,
359,user-events,visitor_359,,2026-06-22T13:02:55,add_to_cart,112,,False,
487,user-events,,656,2026-06-23T18:43:04,add_to_cart,139,,False,
192,user-events,,677,2026-06-24T02:18:19,view,186,,False,
23,user-events,visitor_23,,2026-06-24T07:06:40,view,109,,False,
387,recommendation-actions,,164,2026-06-24T11:46:38,recommendation_shown,53,,False,
499,notification-events,,609,2026-06-24T12:01:48,discount_offer_sent,150,,False,
481,recommendation-actions,visitor_481,,2026-06-24T13:15:21,recommendation_shown,38,,False,
464,recommendation-actions,visitor_464,,2026-06-25T06:54:37,recommendation_shown,101,,False,
291,recommendation-actions,,729,2026-06-25T20:26:03,recommendation_shown,192,,False,
182,user-events,,447,2026-06-25T21:10:35,view,79,,False,
59,recommendation-actions,,71,2026-06-26T02:42:43,recommendation_shown,140,,False,
390,user-events,visitor_390,,2026-06-26T06:57:47,view,197,,False,
484,user-events,,643,2026-06-26T15:33:55,view,137,,False,
237,user-events,,373,2026-06-27T02:09:25,view,107,,True,final_cart
373,user-events,visitor_373,,2026-06-27T03:56:06,view,157,,False,
139,user-events,visitor_139,,2026-06-27T11:36:47,add_to_cart,146,,False,
55,user-events,,225,2026-06-27T12:06:56,delete_from_cart,184,,True,final_cart
69,recommendation-actions,visitor_69,,2026-06-28T09:13:34,recommendation_shown,148,,False,
238,recommendation-actions,,105,2026-06-28T11:43:51,recommendation_rejected,64,,False,
328,user-events,,486,2026-06-28T18:56:48,view,147,,False,
416,recommendation-actions,visitor_416,,2026-06-29T03:21:27,recommendation_shown,35,,False,
13,user-events,,863,2026-06-29T11:19:09,view,190,,False,
78,user-events,visitor_78,,2026-06-29T18:49:13,view,26,,False,
97,user-events,,315,2026-06-29T20:26:48,view,173,,False,
2,user-events,visitor_2,,2026-06-29T23:31:16,view,35,,False,
